{
  "libview.firstColumnWidth": 337,
  "libview.iconScale": 0,
  "backgroundColor": 6710886,
  "auxline1": true,
  "canvasColor": 10066329,
  "auxline2": true,
  "doc.activeDoc": "ui://1d2nl1i7d8vm3",
  "libview.twoColumn": false,
  "libview.expandedNodes": [
    "1d2nl1i7",
    "/",
    "1d2nl1i7",
    "/com/"
  ],
  "doc.openedDocs": [
    "ui://1d2nl1i7d8vm9",
    "ui://1d2nl1i7d8vm3",
    "ui://1d2nl1i7d8vm5",
    "ui://1d2nl1i7d8vm7"
  ],
  "snapToGrid": true,
  "gridColor": 80,
  "libview.currentGroup": "",
  "gridSize": 30
}