{
    "copyFilesFilter": [
        "../bin/**/*.*"
    ],
    "openDataZone": false,
    "compressJson": false,
    "compressJsonFilter": [
        "$basePath/**/*.{json,atlas}",
        "!$basePath/role/spineAni/**/*.*"
    ],
    "compressJsonNoteList": [
        "",
        ""
    ],
    "compressImage": false,
    "compressImageFilter": [
        "$basePath/**/*.{png,jpg}"
    ],
    "compressImageNoteList": [
        ""
    ],
    "compressJs": false,
    "compressJsFilter": [
        "$basePath/**/*.js",
        "!$basePath/libs/min/**/*.js"
    ],
    "compressJsNoteList": [
        "",
        ""
    ],
    "version": false,
    "versionFilter": [
        "$basePath/**/*.*",
        "!$basePath/*.html",
        "!$basePath/{game.js,game.json,project.config.json,weapp-adapter.js,project.swan.json,swan-game-adapter.js,main.js,gameConfig.json,my-adapter.js,microgame-adapter.js,qg-adapter.js,huawei-adapter.js,adapter.js,}",
        "!$basePath/layaforqq/**/*.*",
        "!$basePath/d3/**/*.*",
        "!$basePath/role/**/*.*"
    ],
    "versionNoteList": [
        "",
        "",
        "",
        "",
        "",
        ""
    ],
    "exclude": false,
    "excludeFilter": [
        "!$basePath/res/**/*.*"
    ],
    "vexcludeNoteList": [
        ""
    ],
    "packfile": false,
    "keepPlatformFile": true,
    "packfileFilter": [
        ""
    ],
    "packfileFullValue": [
        "$basePath/**/*.*"
    ],
    "packfileTargetValue": "",
    "packfileNoteList": [
        ""
    ],
    "clearReleaseDir": true,
    "compile": false,
    "forceCompile": false,
    "onlyIndexJS": false,
    "useMinJsLibs": false,
    "es6toes5": false,
    "projectType": "ts",
    "pubTime": 1711973653286
}