<?xml version="1.0" encoding="utf-8"?>
<component size="50,50" pivot="0.5,0.5" extention="Button">
  <displayList>
    <graph id="n0_d8vm" name="n0" xy="0,0" size="50,50" type="rect" lineSize="2">
      <relation target="" sidePair="width-width,height-height"/>
    </graph>
    <text id="n1_d8vm" name="title" xy="0,0" size="50,50" fontSize="12" align="center" vAlign="middle" autoSize="none" text="">
      <relation target="" sidePair="width-width,height-height"/>
    </text>
  </displayList>
  <Button downEffect="scale" downEffectValue=".8"/>
</component>