<?xml version="1.0" encoding="utf-8"?>
<component size="512,512">
  <controller name="c_sele" pages="0,,1," selected="0">
    <remark page="0" value="未选"/>
    <remark page="1" value="已选"/>
  </controller>
  <displayList>
    <loader id="n0_ayjb" name="icon" xy="0,0" size="512,512" align="center" vAlign="middle"/>
    <graph id="n1_ayjb" name="n1" xy="0,0" size="512,512" touchable="false" type="rect" lineSize="7" lineColor="#ffffff00" fillColor="#00ffff00">
      <gearDisplay controller="c_sele" pages="1"/>
    </graph>
  </displayList>
</component>