<?xml version="1.0" encoding="utf-8"?>
<component size="100,100" extention="Button">
  <controller name="button" pages="2,up,3,down,4,over,5,selectedOver" selected="0"/>
  <displayList>
    <graph id="n0_d8vm" name="a" xy="0,0" size="100,100" alpha="0.2" type="rect" fillColor="#ffff0000">
      <relation target="" sidePair="width-width,height-height"/>
    </graph>
    <text id="n1_e72w" name="point" xy="0,0" size="100,100" visible="false" fontSize="10" align="center" vAlign="middle" autoSize="none" text="(100,100)">
      <relation target="" sidePair="width-width,height-height"/>
    </text>
  </displayList>
  <Button/>
</component>