<?xml version="1.0" encoding="utf-8"?>
<component size="928,89">
  <displayList>
    <text id="n17_ayjb" name="n17" xy="0,14" size="52,56" group="n20_ayjb" fontSize="42" text="px"/>
    <graph id="n18_ayjb" name="n18" xy="62,0" size="99,85" group="n20_ayjb" type="rect" fillColor="#ff666666"/>
    <text id="n19_ayjb" name="px" xy="66,14" size="86,56" group="n20_ayjb" fontSize="42" autoSize="none" text="111"/>
    <group id="n20_ayjb" name="n20" xy="0,0" size="161,85" advanced="true"/>
    <text id="n21_ayjb" name="n21" xy="234,18" size="53,56" group="n24_ayjb" fontSize="42" text="py"/>
    <graph id="n22_ayjb" name="n22" xy="296,4" size="122,85" group="n24_ayjb" type="rect" fillColor="#ff666666"/>
    <text id="n23_ayjb" name="py" xy="300,18" size="109,56" group="n24_ayjb" fontSize="42" autoSize="none" text="111"/>
    <group id="n24_ayjb" name="n24" xy="234,4" size="184,85" advanced="true"/>
    <text id="n25_ayjb" name="n25" xy="464,16" size="80,56" group="n28_ayjb" fontSize="42" text="offx"/>
    <graph id="n26_ayjb" name="n26" xy="554,2" size="129,85" group="n28_ayjb" type="rect" fillColor="#ff00ff00"/>
    <text id="n27_ayjb" name="x" xy="558,16" size="116,56" group="n28_ayjb" fontSize="42" autoSize="none" text="" input="true"/>
    <group id="n28_ayjb" name="n28" xy="464,2" size="219,85" advanced="true"/>
    <text id="n29_ayjb" name="n29" xy="710,18" size="81,56" group="n32_ayjb" fontSize="42" text="offy"/>
    <graph id="n30_ayjb" name="n30" xy="800,4" size="129,85" group="n32_ayjb" type="rect" fillColor="#ff00ff00"/>
    <text id="n31_ayjb" name="y" xy="804,18" size="116,56" group="n32_ayjb" fontSize="42" autoSize="none" text="" input="true"/>
    <group id="n32_ayjb" name="n32" xy="710,4" size="219,85" advanced="true"/>
  </displayList>
</component>