<?xml version="1.0" encoding="utf-8"?>
<component size="1334,750">
  <controller name="c_func" pages="0,,1,,2,,3,,4,,5," selected="5">
    <remark page="0" value="null"/>
    <remark page="1" value="划分区域"/>
    <remark page="2" value="编辑行走"/>
    <remark page="3" value="点位信息"/>
    <remark page="4" value="云信息"/>
    <remark page="5" value="取点信息"/>
  </controller>
  <displayList>
    <component id="n4_d8vm" name="n4" src="d8vm8" fileName="com/btn003.xml" xy="12,49" size="86,50">
      <Button title="null" titleFontSize="20" controller="c_func" page="0"/>
    </component>
    <component id="n5_d8vm" name="n5" src="d8vm8" fileName="com/btn003.xml" xy="12,115" size="86,50">
      <Button title="区域划分" titleFontSize="20" controller="c_func" page="1"/>
    </component>
    <component id="n6_d8vm" name="n6" src="d8vm8" fileName="com/btn003.xml" xy="12,184" size="86,50">
      <Button title="编辑行走" titleFontSize="20" controller="c_func" page="2"/>
    </component>
    <component id="n13_llil" name="n13" src="d8vm8" fileName="com/btn003.xml" xy="12,254" size="86,50">
      <Button title="点位信息" titleFontSize="20" controller="c_func" page="3"/>
    </component>
    <component id="n16_ayjb" name="n16" src="d8vm8" fileName="com/btn003.xml" xy="12,321" size="86,50">
      <Button title="云信息" titleFontSize="20" controller="c_func" page="4"/>
    </component>
    <component id="n24_h88f" name="n24" src="d8vm8" fileName="com/btn003.xml" xy="12,384" size="86,50">
      <Button checked="true" title="取点信息" titleFontSize="20" controller="c_func" page="5"/>
    </component>
    <component id="n21_ayjb" name="cloudInfo" src="ayjbf" fileName="cloudInfo.xml" xy="153,16" touchable="false">
      <gearDisplay controller="c_func" pages="4"/>
    </component>
    <list id="n7_d8vm" name="ls_area" xy="145,9" size="956,61" layout="row" overflow="scroll" colGap="10" defaultItem="ui://1d2nl1i7d8vm8">
      <gearDisplay controller="c_func" pages="1"/>
      <item title="区域1"/>
      <item title="区域2"/>
      <item title="区域3"/>
      <item title="区域4"/>
      <item title="区域5"/>
      <item title="区域6"/>
      <item title="区域7"/>
      <item title="区域8"/>
      <item title="区域9"/>
      <item title="区域10"/>
      <item title="区域11"/>
      <item title="区域12"/>
      <item title="区域13"/>
      <item title="区域14"/>
      <item title="区域15"/>
    </list>
    <list id="n8_d8vm" name="ls_walkEditTF" xy="160,25" size="113,61" layout="row" overflow="scroll" colGap="10" defaultItem="ui://1d2nl1i7d8vm8">
      <gearDisplay controller="c_func" pages="2"/>
      <item title="true"/>
      <item title="false"/>
    </list>
    <list id="n15_llil" name="ls_pointEditTF" xy="160,25" size="113,61" layout="row" overflow="scroll" colGap="10" defaultItem="ui://1d2nl1i7d8vm8">
      <gearDisplay controller="c_func" pages="3"/>
      <item title="true"/>
      <item title="false"/>
    </list>
    <component id="n2_d8vm" name="map" src="d8vm5" fileName="MapCom.xml" xy="139,111" size="1195,639">
      <relation target="" sidePair="width-width,height-height"/>
    </component>
    <component id="n9_e33g" name="export" src="d8vm2" fileName="com/btn002.xml" xy="8,692" size="76,50">
      <relation target="" sidePair="bottom-bottom"/>
      <Button title="导出" titleFontSize="27"/>
    </component>
    <component id="n14_llil" name="exportPoint" src="d8vm2" fileName="com/btn002.xml" xy="5,692" size="128,50">
      <gearDisplay controller="c_func" pages="3"/>
      <relation target="" sidePair="bottom-bottom"/>
      <Button title="导出点位" titleFontSize="27"/>
    </component>
    <component id="n25_h88f" name="exportPoint_2" src="d8vm2" fileName="com/btn002.xml" xy="5,692" size="128,50">
      <gearDisplay controller="c_func" pages="5"/>
      <relation target="" sidePair="bottom-bottom"/>
      <Button title="导出点位" titleFontSize="27"/>
    </component>
    <graph id="n10_e33g" name="n10" xy="0,0" size="1334,750" group="n12_e33g" alpha="0.5" type="rect" fillColor="#ff000000">
      <relation target="" sidePair="width-width,height-height"/>
    </graph>
    <text id="n11_e33g" name="n11" xy="461,320" size="411,109" group="n12_e33g" fontSize="84" text="building...">
      <relation target="" sidePair="center-center,middle-middle"/>
    </text>
    <group id="n12_e33g" name="building" xy="0,0" size="1334,750" advanced="true"/>
    <graph id="n26_gphp" name="n26" xy="500,20" size="585,67" group="n29_gphp" type="rect"/>
    <text id="n27_gphp" name="quDianInput" xy="510,25" size="565,56" group="n29_gphp" fontSize="27" vAlign="middle" autoSize="none" singleLine="true" text="" input="true" prompt="px#py#offx#offy:多个竖线分割"/>
    <component id="n28_gphp" name="createQuDian" src="d8vm2" fileName="com/btn002.xml" xy="1107,28" size="122,50" group="n29_gphp">
      <Button title="创建" titleColor="#000000" titleFontSize="32"/>
    </component>
    <group id="n29_gphp" name="n29" xy="500,20" size="729,67" advanced="true">
      <gearDisplay controller="c_func" pages="5"/>
    </group>
  </displayList>
</component>