<?xml version="1.0" encoding="utf-8"?>
<component size="1334,750" overflow="scroll" scroll="both" scrollBarFlags="128">
  <controller name="button" pages="2,up,3,down" selected="0"/>
  <displayList>
    <graph id="n3_d8vm" name="wh" xy="0,0" size="1334,750" type="rect"/>
    <loader id="n0_d8vm" name="mapImg" xy="0,0" size="1334,750" autoSize="true"/>
    <component id="n2_d8vm" name="gridLayer" src="d8vm6" fileName="null.xml" xy="0,0" visible="false"/>
    <component id="n4_d8vm" name="areaLayer" src="d8vm6" fileName="null.xml" xy="0,0" visible="false"/>
    <component id="n5_llil" name="pointLayer" src="d8vm6" fileName="null.xml" xy="0,0" visible="false"/>
    <component id="n6_ayjb" name="cloudLayer" src="d8vm6" fileName="null.xml" xy="0,0" visible="false"/>
    <component id="n7_h88f" name="quDianClick" src="d8vm6" fileName="null.xml" xy="0,0" visible="false"/>
    <component id="n8_h88f" name="quDianLayer" src="d8vm6" fileName="null.xml" xy="0,0" visible="false"/>
  </displayList>
</component>