<?xml version="1.0" encoding="utf-8"?>
<component size="172,290">
  <displayList>
    <graph id="n26_h88f" name="n26" xy="0,0" size="172,289" type="rect">
      <relation target="" sidePair="width-width,height-height"/>
    </graph>
    <text id="n27_h88f" name="info" xy="10,8" size="148,219" fontSize="23" autoSize="shrink" text="编号：1&#xA;px:100&#xA;py:100&#xA;x:1000&#xA;y:1000&#xA;offX:33&#xA;offY：33"/>
    <component id="n28_h88f" name="del" src="d8vm8" fileName="com/btn003.xml" xy="39,246" size="98,36">
      <Button title="删除" titleColor="#000000" titleFontSize="21"/>
    </component>
  </displayList>
</component>