<?xml version="1.0" encoding="utf-8"?>
<component size="1334,750">
  <displayList>
    <graph id="n0_d8vm" name="n0" xy="0,0" size="1334,750" type="rect">
      <relation target="" sidePair="width-width,height-height"/>
    </graph>
    <text id="n2_d8vm" name="n2" xy="560,58" size="214,56" fontSize="42" text="地图编辑器">
      <relation target="" sidePair="center-center"/>
    </text>
    <component id="n9_d8vm" name="btn_start" src="d8vm2" fileName="com/btn002.xml" xy="594,576" size="145,50">
      <relation target="" sidePair="center-center"/>
      <Button title="开始编辑" titleFontSize="21"/>
    </component>
    <text id="n4_d8vm" name="n4" xy="365,244" size="168,56" group="n10_d8vm" fontSize="42" text="地图id："/>
    <graph id="n6_d8vm" name="n6" xy="550,230" size="403,85" group="n10_d8vm" type="rect" fillColor="#ff00ff00"/>
    <text id="n5_d8vm" name="mapId" xy="554,244" size="390,56" group="n10_d8vm" fontSize="42" autoSize="none" text="" input="true"/>
    <group id="n10_d8vm" name="n10" xy="365,230" size="588,85" advanced="true">
      <relation target="" sidePair="center-center"/>
    </group>
    <text id="n12_d8vm" name="n12" xy="365,350" size="214,56" group="n15_d8vm" fontSize="42" text="网格宽高："/>
    <graph id="n13_d8vm" name="n13" xy="598,336" size="107,85" group="n15_d8vm" type="rect" fillColor="#ff00ff00"/>
    <text id="n14_d8vm" name="gridWH" xy="602,350" size="94,56" group="n15_d8vm" fontSize="42" autoSize="none" text="" input="true"/>
    <group id="n15_d8vm" name="n15" xy="365,336" size="340,85" advanced="true">
      <relation target="" sidePair="center-center"/>
    </group>
    <text id="n7_d8vm" name="n7" xy="365,443" size="214,56" group="n11_d8vm" fontSize="42" text="继续编辑："/>
    <component id="n8_d8vm" name="btn_continue" src="d8vm1" fileName="com/btn001.xml" xy="600,445" group="n11_d8vm"/>
    <group id="n11_d8vm" name="n11" xy="365,443" size="285,56" advanced="true">
      <relation target="" sidePair="center-center"/>
    </group>
  </displayList>
</component>