{"res/atlas/bag.atlas":["bag/",["0.png","1.png","10.png","11.png","12.png","13.png","14.png","15.png","16.png","17.png","18.png","19.png","2.png","20.png","21.png","22.png","23.png","24.png","25.png","26.png","27.png","28.png","29.png","3.png","30.png","31.png","32.png","33.png","34.png","35.png","36.png","37.png","38.png","39.png","4.png","40.png","41.png","42.png","43.png","44.png","45.png","46.png","47.png","48.png","49.png","5.png","50.png","51.png","52.png","53.png","6.png","7.png","8.png","9.png"]],"res/atlas/bg.atlas":["bg/",["1.png","2.png","bg01.png","bg02.png","bg03.png","bg100-0.png","bg100-1.png","btn_Bg.png","img_bg05.png","img_bg08.png","img_bg100-2.png","img_bg100.png","img_bg13.png","img_bg406.png","img_head.png","img_head2.png","img_toolbarBG.png","test.png"]],"res/atlas/bitmapfont.atlas":["bitmapfont/",["gongfang.png"]],"res/atlas/cd.atlas":["cd/",["0.png","10.png","11.png","12.png","13.png","14.png","15.png","16.png","17.png","18.png","19.png","2.png","20.png","21.png","22.png","23.png","24.png","25.png","26.png","27.png","28.png","29.png","3.png","30.png","31.png","32.png","33.png","34.png","35.png","36.png","37.png","38.png","39.png","4.png","40.png","41.png","42.png","43.png","44.png","45.png","46.png","47.png","48.png","49.png","5.png","50.png","51.png","52.png","53.png","54.png","55.png","56.png","57.png","58.png","59.png","6.png","60.png","61.png","62.png","63.png","64.png","65.png","66.png","67.png","68.png","69.png","7.png","70.png","71.png","72.png","8.png","9.png"]],"res/atlas/comp.atlas":["comp/",["btn_aaa.png","btn_close.png","btn_fh.png","button.png","check_circle.png","checkbox.png","checkbox_2.png","clip_num.png","clip_selectBox.png","clip_tree_arrow.png","clip_tree_arrow1.png","clip_tree_folder.png","clip_tree_folder1.png","colorPicker.png","combobox.png","fontClip.png","fontClip_num.png","hscroll$bar.png","hscroll$down.png","hscroll$up.png","hscroll.png","hslider$bar.png","hslider.png","html.png","image.png","img_bg.png","img_bg2.png","img_bg21.png","img_bg22.png","img_bg3.png","img_bg4.png","img_bg5.png","img_blank.png","img_hd.png","img_mail.png","img_mail_open.png","img_opt.png","label.png","loa.png","loading_06.png","progress$bar.png","progress.png","radio.png","radiogroup.png","refresh.png","tab.png","tab_3.png","textarea.png","textinput.png","vscroll$bar.png","vscroll$down.png","vscroll$up.png","vscroll.png","vscroll_2$bar.png","vscroll_2$down.png","vscroll_2$up.png","vscroll_2.png","vslider$bar.png","vslider.png","x.png"]],"res/atlas/role/frameAni.atlas":["role/frameAni/",["moveB0.png","moveB1.png","moveB2.png","moveB3.png","moveB4.png","moveB5.png","moveB6.png","moveC0.png","moveC1.png","moveC2.png","moveC3.png","moveC4.png","moveC5.png","moveC6.png","moveDown0.png","moveDown1.png","moveDown2.png","moveDown3.png","moveDown4.png","moveDown5.png","moveDown6.png","moveE0.png","moveE1.png","moveE2.png","moveE3.png","moveE4.png","moveE5.png","moveE6.png","moveF0.png","moveF1.png","moveF2.png","moveF3.png","moveF4.png","moveF5.png","moveF6.png","moveH0.png","moveH1.png","moveH2.png","moveH3.png","moveH4.png","moveH5.png","moveH6.png","moveI0.png","moveI1.png","moveI2.png","moveI3.png","moveI4.png","moveI5.png","moveI6.png","moveK0.png","moveK1.png","moveK2.png","moveK3.png","moveK4.png","moveK5.png","moveK6.png","moveL0.png","moveL1.png","moveL2.png","moveL3.png","moveL4.png","moveL5.png","moveL6.png","standDown0.png","standDown1.png","standDown2.png","standDown3.png","standDown4.png","standDown5.png","standRight0.png","standRight1.png","standRight2.png","standRight3.png","standRight4.png","standRight5.png","standUp0.png","standUp1.png","standUp2.png","standUp3.png","standUp4.png","standUp5.png","standXDown0.png","standXDown1.png","standXDown2.png","standXDown3.png","standXDown4.png","standXDown5.png","standXUp0.png","standXUp1.png","standXUp2.png","standXUp3.png","standXUp4.png","standXUp5.png"]],"res/atlas/role.atlas":["role/",["m1.png","m2.png","m3.png","m4.png","m5.png","m6.png","m7.png","m8.png","r0.png","r1.png","r2.png","r3.png","r4.png","w1.png","w2.png","w3.png","w4.png","w5.png","w6.png","w7.png","w8.png"]],"res/atlas/test.atlas":["test/",["35001.png","71001.png","b1.png","b2.png","block.png","c1.png","c2.png","img_bianjiao_qietu.png","img_diban_qietu.png","img_doubleKill.png","img_joystickAxis.png","img_joystickBG.png","p1.png","t1.png","toLeft.png","tra.png"]],"role/atlasAni/139x.atlas":["role/atlasAni/139x/",["moveB0.png","moveB1.png","moveB2.png","moveB3.png","moveB4.png","moveB5.png","moveB6.png","moveB7.png","moveC0.png","moveC1.png","moveC2.png","moveC3.png","moveC4.png","moveC5.png","moveC6.png","moveC7.png","moveE0.png","moveE1.png","moveE2.png","moveE3.png","moveE4.png","moveE5.png","moveE6.png","moveE7.png","moveF0.png","moveF1.png","moveF2.png","moveF3.png","moveF4.png","moveF5.png","moveF6.png","moveF7.png","moveH0.png","moveH1.png","moveH2.png","moveH3.png","moveH4.png","moveH5.png","moveH6.png","moveH7.png","moveI0.png","moveI1.png","moveI2.png","moveI3.png","moveI4.png","moveI5.png","moveI6.png","moveI7.png","moveK0.png","moveK1.png","moveK2.png","moveK3.png","moveK4.png","moveK5.png","moveK6.png","moveK7.png","moveL0.png","moveL1.png","moveL2.png","moveL3.png","moveL4.png","moveL5.png","moveL6.png","moveL7.png"]]}