{"type":"Scene","props":{"width":1334,"height":750},"compId":2,"child":[{"type":"Script","props":{"top":0,"right":0,"left":0,"bottom":0,"runtime":"laya.ui.Widget"},"compId":3},{"type":"Box","props":{"width":1027,"height":90,"centerY":131,"centerX":0},"compId":7,"child":[{"type":"Button","props":{"y":0,"x":0,"width":306,"skin":"comp/button.png","sizeGrid":"12,12,12,12","name":"uiBtn","labelSize":38,"labelFont":"SimHei","labelColors":"#fff,#000,#fff","label":"UI Demo","height":88,"labelPadding":"0,0,1,0"},"compId":4},{"type":"Button","props":{"y":0,"x":360,"width":306,"skin":"comp/button.png","sizeGrid":"12,12,12,12","name":"phyBtn","labelSize":38,"labelFont":"SimHei","labelColors":"#fff,#000,#fff","label":"物理 Demo","height":88,"labelPadding":"0,0,1,0"},"compId":5},{"type":"Button","props":{"y":0,"x":719,"width":306,"skin":"comp/button.png","sizeGrid":"12,12,12,12","name":"d3Btn","labelSize":38,"labelFont":"SimHei","labelColors":"#fff,#000,#fff","label":"3D混合 Demo","height":88,"labelPadding":"0,0,1,0"},"compId":6}]},{"type":"Image","props":{"skin":"comp/image.png","centerY":-139,"centerX":0},"compId":8},{"type":"Script","props":{"uiBtn":"@node:4","phyBtn":"@node:5","d3Btn":"@node:6","runtime":"Index.ts"},"compId":10},{"type":"Label","props":{"text":"Powered by LayaAir Engine","right":0,"left":0,"fontSize":30,"color":"#827c7c","centerY":252,"align":"center"},"compId":11}],"loadList":["comp/button.png","comp/image.png"],"loadList3D":[]}